name
andorra|principality of andorra|principality of the valleys of andorra
emirates|united arab emirates
islamic republic of afghanistan|afghanistan
antigua and barbuda
anguilla|malliouhana
albania|shqiperise|republic of albania
hayastani hanrapetut'yun|republic of armenia|armenia|hayastan
angola|republic of angola
antarctica
argentine republic|republic of argentina|argentina|republica argentina
american samoa|eastern samoa
republic of austria|austria|osterreich
australia|aussieland|new holland|nova hollandia
aruba
aland|aland islands|ahvenanmaa
azarbaycan|azerbaijan|republic of azerbaijan
bosnia-herzegovina|republic of bosnia and herzegovina|bosnia|bosnia and hercegovina|bosnia and herzegovina
barbados|bimshire
bangla|bangladesh|people's republic of bangladesh
belgique|kingdom of belgium|belgie|belgium
upper volta|burkina faso
bulgaria|republic of bulgaria
mamlakat al-bahrayn|kingdom of bahrain|bahrain|dawlat al-bahrain
uburundi|republic of burundi|burundi
republic of benin|benin|dahomey
saint barthelemy|st. barthelemy|st. barth|st. barths|st. barts
virgineola|bermuda
nation of brunei, the abode of peace|brunei|brunei darussalam
plurinational state of bolivia|bolivia
carribean netherlands|netherlands antilles|bonaire|bonaire, sint eustatius and saba|caribbean netherlands|bonaire, saint eustatius and saba|dutch antilles
brasil|federative republic of brazil|brazil
bahamas|commonwealth of the bahamas|the bahamas|bahama islands
bhutan|druk yul|kingdom of bhutan
bouvet island
botswana|republic of botswana
belarus|byelorussia|republic of belarus|bielorussia|white russia|belorussia|byeloruss|bielarus
british honduras|belize
canada
territory of the cocos (keeling) islands|cocos (keeling) islands|keeling islands|cocos islands
congo|congo-kinshasa|zaire|congo (kinshasa)|drc|dr congo|democratic republic of the congo
central african republic|central africa
congo|congo-brazzaville|congo (brazzaville)|republic of the congo|congo republic
swiss confederation|switzerland|svizra|swiss|schweiz|svizzera|suisse
cote-d'ivoire|cote d'lvoire|republic of cote d'ivoire|cote d'ivoire|ivory coast
hervey islands|cook islands|cook group
republic of chile|chile
republic of cameroon|cameroon
china|people's republic of china|zhongguo
colombia|republic of colombia
republic of costa rica|costa rica
cuba|republic of cuba
republic of cabo verde|cape verde|cabo verde
curocao|korsou|curasao|curacoa|curazao|curacau|curacao
christmas island
greek cypriot state|cyprus|republic of cyprus
czech republic|czechia
federal republic of germany|deutschland|germany
jabuuti|gabuuti|djibouti|republic of djibouti|jibuti
denmark|danmark|kingdom of denmark
wai'tu kubuli|dominica|commonwealth of dominica
dominican republic|dominicana
algeria|people's democratic republic of algeria
ecuador|republic of ecuador
republic of estonia|estonia|estland|eesti vabariik
egypt|misr|arab republic of egypt
western sahara
eritrea|ertra|the state of eritrea|iritriya
spain|hispania|kingdom of spain
federal democratic republic of ethiopia|abyssinia|ethiopia
land of a thousand lakes|republic of finland|suomi|suomen tasavalta|finnia|finland
fiji ganarajya|republic of fiji|matanitu tugalala o viti|fiji
malvinas islands|falkland islands (malvinas)|falkland islands|islas malvinas|falklands
micronesia|federated states of micronesia
faroe islands|sheep islands|faroes|faer oer
france|french republic
gabonese republic|gabon|gabonaise
united kingdom of great britain and northern ireland|england|northern ireland|britain|united kingdom|scotland|uk|great britain|wales
grenada
georgia|georgia (country)
guyane|french guiana
guernsey|bailiwick of guernsey
republic of ghana|ghana
gibraltar
groenland|greenland|kalaallit nunaat|greenlandia
the gambia|republic of the gambia|gambia
guinea|guinea-conakry|republic of guinea
guadeloupe|gwadloup|karukera|gwada
republic of equatorial guinea|equatorial guinea
greece|ellada|hellas|hellenic republic
south georgia and the south sandwich islands
guatemala|republic of guatemala
guam|guahan
guinea-bissau|republic of guinea-bissau
british guiana|guyana|republic of guyana
hksar|hong kong|hong kong special administrative region of china
heard island and mcdonald islands
honduras|republic of honduras
croatia|republic of croatia
ayiti|republic of haiti|haiti
magyarorszag|hungary
east indies|indonesia|republic of indonesia
eire|hibernia|ireland
state of israel|israel
manx|isle of man|the isle of man|mann|i. mannin|i. man|isle of mann|i. mann|i. m.
bharata|bharat ganarajya|bharat|republic of india|india|hindustan|hindoostan|bharatvarsh|indostan
british indian ocean territory
mesopotamia|iraq|republic of iraq
islamic republic of iran|iran|persia
ysland|island|republic of iceland|iceland
italy|italia|italian republic
iersey|jersey|jerri
jamaica
yarden|hashemite kingdom of jordan|jordan|giordania
japan|land of the rising sun|nippon-koku|nihon-koku|nippon|nihon
republic of kenya|kenya
kirghizia|kyrgyzstan|kyrgyz|kyrgyz republic
camboya|kamboja|kampuchea|kambodzha|campuchia|kingdom of cambodia|cambodia
kiribati|republic of kiribati
al-ittihad al-qumuri|juzur al-qamar|union of the comoros|waku-moria|udzima wa komori|comoros|juzur al-qumur
saint kitts and nevis|kitts & nevis|saint christopher and nevis
joseon|democratic people's republic of korea|choson|dprk|north korea
daehan minguk|republic of korea|hanguk|daehanminguk|choson|south korea
state of kuwait|kuwait
cayman islands|caymans
qazaqstan|kazakhstan|republic of kazakhstan
laos|lpdr|lao people's democratic republic
lebanese republic|lubnan|lebanon
hewanorra|saint lucia|iyonola
liechtenstein|principality of liechtenstein
democratic socialist republic of sri lanka|serendib|sri lanka|ceylon
republic of liberia|liberia
the mountain kingdom|kingdom of lesotho|lesotho
republic of lithuania|lietuva|lithuania
luxemburg|luxembourg|grand duchy of luxembourg
letmo vabamo|latvija|latvia|republic of latvia|letmo|latveja
libya|libyan arab jamahiriya
marocco|lmagrib|al-magrib|kingdom of morocco|morocco|maroc
monaco|munegu|principality of monaco
moldavia|moldova|republic of moldova
crna gora|montenegro
saint martin|saint-martin|collectivity of saint martin|saint martin (france)|st martin|collectivite de saint-martin|st. martin (french part)|saint martin (french part)|st. martin
madagascar|malagascar|malagaskar|republic of madagascar|malagasy republic
republic of the marshall islands|marshall islands
north macedonia|republic of north macedonia|macedonia
republic of mali|french sudan|mali
myanmar|burma|republic of myanmar
outer mongolia|mongol state|mongolia
macao|macao special administrative region of china|aomen|macao sar|macau sar|macau
commonwealth of the northern mariana islands|northern marianas|northern mariana islands
martinica|madiana|martinique|maritiniki|jouanacaera|iguanacaera|madinina|matinino|iounacaera
gannaar|mauretania|islamic republic of mauritania|muritanya|agawej|murutaane|mauritania|moritani
montserrat
malta|republic of malta
maurice|mauritius|republic of mauritius|moris
republic of maldives|maldives|maldive islands
nyasaland|malawi|republic of malawi
united mexican states|mexico|estados unidos mexicanos
malaysia
mocambique|mozambique|republic of mozambique
republic of namibia|namibia|south west africa
kanaky|new caledonia|nouvelle-caledonie
niger|republic of the niger
norfolk island
naija|nigeria|federal republic of nigeria
republic of nicaragua|nicaragua
the netherlands|netherlands|holland|nederlanden|kingdom of the netherlands
norway|norge|kingdom of norway
nepal|federal democratic republic of nepal
republic of nauru|nauru|naoero|pleasant island
niue
new zealand|zealandia nova|aotearoa|new zeeland
sultanate of oman|oman|uman|muscat and oman
republic of panama|canal zone|panama
peru|republic of peru
french polynesia|french oceania
papua new guinea|independent state of papua new guinea
republic of the philippines|philippine islands|philippines
pakistan|islamic republic of pakistan
poland|polska|republic of poland
saint pierre and miquelon
pitcairn islands|pitcairn
borinquen|porto rico|puerto rico|boriquen|boriken
palestinian territory|palestine|the state of palestine
lusitania|portugal|portuguese republic
pelew|palau|belau|republic of palau
paraguay|republic of paraguay
state of qatar|qatar
reunion island|bourbon island|reunion
rumania|roumania|romania
yugoslavia|serbia|srbija|republic of serbia
ussr|soviet union|russia|russian federation|rossiyskaya federatsiya
the land of a thousand hills|rwandese republic|rwanda
kingdom of saudi arabia|saudi arabia
solomon islands
seychelles|republic of seychelles
as-sudan|sudan|republic of the sudan|al-sudan
kingdom of sweden|sweden|sverige
lion city|garden city|singapore|republic of singapore
saint helena|saint helena, ascension and tristan da cunha
slovenija|slovenia|republic of slovenia
svalbard and jan mayen
slovak republic|slovensko|slovakia
republic of sierra leone|sierra leone
san marino|republic of san marino
republic of senegal|senegal
somali republic|federal republic of somalia|somalia
republic of suriname|surrinam|surinam|dutch guiana|suriname
republic of south sudan|south sudan
democratic republic of sao tome and principe|sao tome and principe
republic of el salvador|salvador|el salvador
country of sint maarten|saint martin|dutch sint maarten|sint martin|sint maarten|sint maarten (dutch part)|land sint maarten|saint martin (dutch part)
surya|syria|syrian arab republic
swaziland|eswatini|umbuso weswatini|kingdom of eswatini
turks and caicos|turks and caicos islands
chad|republic of chad
french southern territories|french southern and antarctic lands
togolese republic|togo
kingdom of thailand|siam|land of smiles|thailand
republic of tajikistan|tajikistan
union islands|tokelau
democratic republic of timor-leste|east timor|timor leste|timor-leste
turkmenistan|turkmenia
republic of tunisia|tunisia
tonga islands|tonga|kingdom of tonga|friendly islands
turkiye|republic of turkiye|turkey
republic of trinidad and tobago|trinidad and tobago
ellice islands|tuvalu
tai-oan|formosa|roc|chinese taipei|tai-uan|republic of china|taiwan
tanganyika and zanzibar|tanzania|united republic of tanzania
ukrainia|ukraine|ukraina
republic of uganda|ouganda|uganda|pearl of africa
usmoi|united states minor outlying islands
america|united states of america|united states
eastern republic of uruguay|banda oriental|uruguay
republic of uzbekistan|uzbekistan
papal state|holy see|vatican city state|vatican city|the vatican|vatican
saint vincent and the grenadines
venezuela|bolivarian republic of venezuela
british virgin islands
virgin islands of the united states|us virgin islands|u.s. virgin islands|american virgin islands|usvi|united states virgin islands
socialist republic of viet nam|vietnam|viet nam
vanuatu|republic of vanuatu|new hebrides
wallis and futuna
samoa|independent state of samoa|western samoa
republic of yemen|south arabia|yemen
mayotte
south africa|mzansi|republic of south africa
zambia|republic of zambia|northern rhodesia
southern rhodesia|zimbabwe|republic of zimbabwe
